,media,desv_tipica,error_estandar,t_stat,p_valor,media_anual_%
gamma_0,0.011403852637469103,0.05904950798769088,0.002150456244721577,5.302992174549256,1.4987037544322845e-07,13.684623164962922
gamma_MKT,-0.005356938972740317,0.07285554441703895,0.0026532424366155724,-2.0190160155788592,0.04383946870409128,-6.42832676728838
gamma_SMB,0.0012672487670034225,0.03193272594708218,0.0011629212886617132,1.089711556026091,0.2761888272857185,1.520698520404107
gamma_HML,0.0031806115957320005,0.03094266396476562,0.001126865357882783,2.8225302814418836,0.004890281544389419,3.8167339148784007
