,media,desv_tipica,error_estandar,t_stat,p_valor,media_pct
gamma_0,0.1267915318509423,0.3161855913077573,0.040155610251715504,3.157504793381283,0.002473865284660759,12.679153185094231
gamma_1,-0.02796211864984639,0.36471852915195285,0.04631929952162069,-0.6036818116559464,0.5482936256328452,-2.796211864984639
