,media,media_anual_%,error_std,t_stat,p_valor
gamma_0,0.012175131542344349,14.610157850813218,0.0033637653379860223,3.6194949168582404,0.00031492417366130177
gamma_1,-0.007021009727607575,-8.425211673129091,0.003926217133595004,-1.788237758816679,0.07413961585790463
gamma_3,0.08632035660199537,103.58442792239444,0.04392035966585452,1.9653836457333096,0.04973701301567757
