,media,desv_tipica,error_estandar,t_stat,p_valor,media_pct
gamma_0,0.09670536238544734,0.20236310775942734,0.025700140385600506,3.762834013141432,0.00037951033859773275,9.670536238544734
gamma_MKT,-0.02146107078614777,0.2524590136612765,0.032062326797324944,-0.669354751506629,0.5057948754240238,-2.146107078614777
gamma_SMB,0.01868097102090011,0.12213157210836421,0.015510725168495179,1.2043905631726501,0.2330910348493167,1.868097102090011
gamma_HML,0.03481051308262617,0.14392291997235404,0.018278229114727217,1.904479523926007,0.0615662305120519,3.481051308262617
